<?xml version="1.0" encoding="UTF-8" standalone="yes"?>
<addon id="plugin.program.update.tomer.wizard" name="Update ToMeR Wizard" version="2.0.3" provider-name="ToMeR">
  <requires>
    <import addon="xbmc.python" version="2.1.0"/>
  </requires>
  <extension point="xbmc.python.pluginsource" library="default.py">
        <provides>executable</provides>
  </extension>
  <extension point="xbmc.addon.metadata">
    <summary lang="en">Update ToMeR Wizard</summary>
    <description lang="en">Update ToMeR Wizard</description>
	<description lang="he">עדכוני מערכת ישירה לקודי Update ToMeR Wizard</description>
	<disclaimer lang="en">Update ToMeR Wizard</disclaimer>
    <platform>all</platform>
  </extension>
</addon>
