<?xml version="1.0" encoding="UTF-8"?>
<addon id="plugin.program.Websit.For.Kodi" name="Websit For Kodi" version="2.1.3.5" provider-name="ToMeR">
    <requires>
        <import addon="xbmc.python" version="2.1.0"/>
        <import addon="script.module.pydevd" version="2.1.0" optional="true"/>
    </requires>
    <extension point="xbmc.python.pluginsource" library="default.py">
        <provides>executable</provides>
    </extension>
    <extension point="xbmc.addon.metadata">
        <platform>all</platform>
        <summary lang="he">הרחבת תוכנה המאפשרת להזין כתובות אתרי אינטרנט,ולצפות בהם ישירות בדפדפן הגוגל מתאים לכל המערכות ההפעלה</summary>
        <language></language>
        <description lang="en">/description>
        <license></license>
        <source></source>
        <forum></forum>
        <email>AddonScriptorDE at yahoo dot de</email>
        <website></website>
    </extension>
</addon>
