<?xml version="1.0" encoding="UTF-8" standalone="yes"?>
<addon id="resource.AUTO.CLEAN.UP" name="ניקוי תחזוקה אוטומטי" version="1.1.1.0" provider-name="ToMeR">
  <requires>
    <import addon="xbmc.python" version="2.1.0"/>
  </requires>
  <extension point="xbmc.python.pluginsource" library="default.py">
        <provides>executable</provides>
  </extension>
  <extension point="xbmc.service" library="startup.py" start="startup" />
  <extension point="xbmc.addon.metadata">
    <summary lang="heb">ניקוי אוטומטי בעת הפעלת הקודי</summary>
    <description lang="en"></description>
	<disclaimer lang="en"></disclaimer>
    <platform>all</platform>
  </extension>
</addon>
