﻿<?xml version="1.0" encoding="UTF-8" standalone="yes"?>
<addon id="plugin.video.seretil" name="Seretil" version="2.2.6" provider-name="Freestyle">
    <requires>
        <import addon="xbmc.python" version="2.1.0"/>
        <import addon="script.module.urlresolver" version="1.0.0"/>/>
    </requires>
    <extension point="xbmc.python.pluginsource" library="seretil.py">
        <provides>video</provides>
    </extension>
    <extension point="xbmc.addon.metadata">
        <platform>all</platform>
        <summary lang="en">Watch seretil.me</summary>
        <summary lang="he">seretil</summary>
        <description lang="en">Watch video fromseretil</description>
        <description lang="he">SERETIL </description>
        <disclaimer>הנך כפוף לתנאי השימוש של האתר</disclaimer>
        <supportedcontent>
          <content>tvshows</content>
        </supportedcontent>	
    </extension>
 </addon>
