﻿<?xml version="1.0" encoding="UTF-8" standalone="yes"?>
<addon id="plugin.video.Arthur.Channel.Israel" name="ערוץ ארתור" version="0.0.4" provider-name="tomer.st">
    <requires>
		<import addon="xbmc.python" version="2.1.0"/>
	</requires>
	<extension point="xbmc.python.pluginsource" library="addon.py">
		<provides>video</provides>
	</extension>
	<extension point="xbmc.addon.metadata">
		<platform>all</platform>
		<summary lang="en">Arthur.Channel.Israel</summary>
		<summary lang="he">ערוץ ארתור - ישראל</summary>
		<description lang="en">Watch Arthur channel</description>
		<description lang="he">צפיה בערוץ ארתור</description>
		<license></license>
		<language></language>
		<forum></forum>
		<source></source>
		<email></email>
	</extension>
</addon>
