﻿<?xml version="1.0" encoding="UTF-8" standalone="yes"?>
<addon id="plugin.video.Barbie.Channel.Israel" name="ערוץ ברבי" version="0.0.3" provider-name="tomer.st">
    <requires>
		<import addon="xbmc.python" version="2.1.0"/>
	</requires>
	<extension point="xbmc.python.pluginsource" library="addon.py">
		<provides>video</provides>
	</extension>
	<extension point="xbmc.addon.metadata">
		<platform>all</platform>
		<summary lang="en">Barbie.Channel.Israel</summary>
		<summary lang="he">ערוץ ברבי - ישראל</summary>
		<description lang="en">Watch Barbie channel</description>
		<description lang="he">צפיה בערוץ ברבי</description>
		<license></license>
		<language></language>
		<forum></forum>
		<source></source>
		<email></email>
	</extension>
</addon>
