<?xml version="1.0" encoding="UTF-8" standalone="yes"?>
<addon id="plugin.program.hello.update" name="התראות עדכונים" version="0.0.8" provider-name="ToMeR">
	<requires>
		<import addon="xbmc.python" version="2.14.0"/>
	</requires>
	<extension point="xbmc.python.script" library="addon.py">
		<provides>executable</provides>
	</extension>
	<extension point="xbmc.addon.metadata">
		<platform>all</platform>
		<summary lang="he">התראות עדכונים</summary>
		<description lang="en"></description>
		<license></license>
		<language></language>
		<forum></forum>
		<source></source>
		<website></website>
		<email></email>
		<assets>
			<icon>resources/icon.png</icon>
			<fanart>resources/fanart.jpg</fanart>
			<screenshot>resources/screenshot-01.jpg</screenshot>
		</assets>
		<news>Updated the addon to use new addon.xml metadata</news>
	</extension>
</addon>
