<?xml version="1.0" encoding="UTF-8" standalone="yes"?>
<addon id="plugin.program.themestomerwizard" name="Themes ToMeR Wizard" version="2.1.1" provider-name="ToMeR">
  <requires>
    <import addon="xbmc.python" version="2.1.0"/>
  </requires>
  <extension point="xbmc.python.pluginsource" library="default.py">
        <provides>executable</provides>
  </extension>
  <extension point="xbmc.addon.metadata">
    <summary lang="en">Themes ToMeR Wizard</summary>
    <description lang="en">Themes ToMeR Wizard</description>
	<description lang="he">ערכות נושא בקליק Themes ToMeR Wizard</description>
	<disclaimer lang="en">Themes ToMeR Wizard</disclaimer>
    <platform>all</platform>
  </extension>
</addon>
