<?xml version="1.0" encoding="UTF-8" standalone="yes"?>
<addon id="plugin.video.tomer.2.0.3"
       name="בדיקת גרסת מערכת:2.0.3"
       version="1.0.0"
       provider-name="ToMeR">
  <requires>
 <import addon="xbmc.python" version="2.1.0"/>
  </requires>
  <extension point="xbmc.python.pluginsource" library="default.py">
    <provides>video</provides>
  </extension>
  <extension point="xbmc.addon.metadata">
    <summary></summary>
    <description>
    </description>
	<disclaimer lang="en">
	
	</disclaimer>
	<license></license>
    <website></website>
    <email></email>
    <platform>all</platform>
  </extension>
</addon>
