<?xml version="1.0" encoding="UTF-8" standalone="yes"?>
<addon id="plugin.video.nostalgia" name="[COLOR blue]חינוכית[/COLOR]-[COLOR white]נוסטלגיה[/COLOR]" version="2.1.4" provider-name="[COLOR gold]ToMeR[/COLOR]">
  <requires>
  	<import addon="repository.ToMeRepo" version="1.0.7" />
    <import addon="xbmc.python" version="2.1.0"/>
    <import addon="plugin.video.youtube"/>
  </requires>
  <extension point="xbmc.python.pluginsource" library="addon.py">
    <provides>video</provides>
  </extension>
  <extension point="xbmc.addon.metadata">
    <language>he</language>
    <summary lang="he">הרחבה לצפייה , בתוכניות נוסטלגיה</summary>
    <description lang="he">להרחבה יש מספר קטגוריות החל מתוכניות עבר, נוסטלגיה-ילדים,נוסטלגיה-כללי,תוכניות משודרות, לומדים מהבית,מוזיקה,וקטגוריה מיוחדת של ספיישלים.

בכל קטגוריה תמצאו את הנושא שאליו מיועדות התוכניות, השתדלתי והתאמצתי מאוד כדי לספק לכם חוויה נוסטלגית עוצרת נשימה , כל התוכניות בפרקים מלאים , עונות מלאות,</description>
    <disclaimer lang="en">ToMeR For Addons Premium</disclaimer>
    <platform>all</platform>
  </extension>
</addon>
